{
    "total_clicks":563.2857142857,
    "total_sessions":116.0714285714,
    "avg_delta_t_sec":85.1685878954,
    "zapping_ratio":0.8419281367,
    "activity_span_days":134.5714285714,
    "first_week_ratio":0.0095930476,
    "procrastination_ratio":0.0535654239,
    "num_unique_items":87.0714285714,
    "num_active_days":55.5,
    "regularity_ratio":0.4134770791,
    "night_owl_ratio":0.0297435253,
    "avg_clicks_per_item":6.4750300902,
    "fixation_ratio":0.0602826879,
    "std_dev_daily_clicks":9.0619792986,
    "weekend_ratio":0.223535658,
    "mid_course_ratio":0.2841128461,
    "activity_slope":-0.0171593269,
    "std_dev_hour_session_start":4.5142424065,
    "ratio_short_breaks":0.1020105098,
    "percentile_80_delta_t":39.3428571429,
    "max_consecutive_days":7.0714285714,
    "avg_inactive_days":4.5715522781,
    "coverage_ratio":0.7137002342,
    "progress_ratio":0.1341629723,
    "backward_prereq_ratio":0.041626428,
    "revisit_ratio":0.0023100663
}