{
    "first_week_ratio":385.5834083634,
    "weekend_ratio":39.9028343666,
    "revisit_ratio":30.4352598807,
    "max_consecutive_days":23.9322533137,
    "regularity_ratio":15.1480834831,
    "night_owl_ratio":12.8083731131,
    "num_active_days":11.7890995261,
    "activity_slope":10.74811978,
    "total_sessions":9.1379582807,
    "avg_clicks_per_item":1.7385886092,
    "std_dev_hour_session_start":0.9564830415,
    "avg_delta_t_sec":0.8880994022,
    "zapping_ratio":-0.0103843777,
    "ratio_short_breaks":-0.3979075551,
    "progress_ratio":-0.491596009,
    "total_clicks":-2.6744878254,
    "percentile_80_delta_t":-3.1805773844,
    "activity_span_days":-3.1860226105,
    "mid_course_ratio":-3.5533170805,
    "num_unique_items":-4.9316451051,
    "coverage_ratio":-4.9316451051,
    "fixation_ratio":-10.2546900343,
    "avg_inactive_days":-10.4223330742,
    "std_dev_daily_clicks":-12.1048718182,
    "procrastination_ratio":-12.9145261187,
    "backward_prereq_ratio":-17.7162668844
}